age,marks,attendance
-1.5811388300841895,0.2913857587071765,-1.8070796117392942
1.5811388300841895,1.7483145522430728,1.1161374072507417
0.0,-0.6799001036500877,0.31889640207164105
0.0,-1.16554303482872,-0.21259760138109277
0.0,-0.1942571724714556,0.5846434037980079
